{"cameraMode":{"drawMode":0,"name":"Shaded","section":"Shading Mode"},"sceneLighting":false,"audioPlay":false,"sceneViewState":{"m_AlwaysRefresh":false,"showFog":true,"showSkybox":false,"showFlares":true,"showImageEffects":true,"showParticleSystems":true,"showVisualEffectGraphs":true,"m_FxEnabled":true},"in2DMode":false,"pivot":{"x":2.694692611694336,"y":13.328365325927735,"z":-24.97188949584961},"rotation":{"x":0.01883779652416706,"y":-0.7829704880714417,"z":0.023738769814372064,"w":0.6213215589523315},"size":16.281648635864259,"orthographic":false}