{"cameraMode":{"drawMode":0,"name":"Shaded","section":"Shading Mode"},"sceneLighting":true,"audioPlay":false,"sceneViewState":{"m_AlwaysRefresh":false,"showFog":true,"showSkybox":false,"showFlares":true,"showImageEffects":true,"showParticleSystems":true,"showVisualEffectGraphs":true,"m_FxEnabled":true},"in2DMode":false,"pivot":{"x":23.95719337463379,"y":-23.70954132080078,"z":56.438480377197269},"rotation":{"x":0.13127659261226655,"y":0.30261337757110598,"z":-0.042123131453990939,"w":0.9430902600288391},"size":4.677632808685303,"orthographic":false}